1,hival,1775653272840.pdf,/uploads/1775653272840.pdf
2,sdcasc,1775653285165.pdf,/uploads/1775653285165.pdf
3,sdv,1775653300774.pdf,/uploads/1775653300774.pdf
NaN,asx,1775654109969.pdf,/uploads/1775654109969.pdf
NaN,SX,1775654162930.pdf,/uploads/1775654162930.pdf
NaN,sc,1775654229081.pdf,/uploads/1775654229081.pdf
NaN,zxc,1775654262568.pdf,/uploads/1775654262568.pdf
NaN,as,1775654299809.pdf,/uploads/1775654299809.pdf
NaN,xc vz,1775654333273.pdf,/uploads/1775654333273.pdf
NaN,sx,1775654564312.pdf,/uploads/1775654564312.pdf
19,saxa,1775654769531.pdf,/uploads/1775654769531.pdf
20,Sxa,1775654788176.pdf,/uploads/1775654788176.pdf
